{
  "project_info": {
    "project_number": "376940733669",
    "project_id": "migym-7888a",
    "storage_bucket": "migym-7888a.firebasestorage.app"
  },
  "client": [
    {
      "client_info": {
        "mobilesdk_app_id": "1:376940733669:android:23627a44ab1bccb54da00c",
        "android_client_info": {
          "package_name": "com.example.migym"
        }
      },
      "oauth_client": [
        {
          "client_id": "376940733669-4d24c0a4paer3ld9masafb7e46pfppvb.apps.googleusercontent.com",
          "client_type": 1,
          "android_info": {
            "package_name": "com.example.migym",
            "certificate_hash": "9fd02ac4cf332ecbae1817956e09fc995c1ccfcb"
          }
        },
        {
          "client_id": "376940733669-ljsthj9je8cmdquvi9perh36aaa7nkam.apps.googleusercontent.com",
          "client_type": 3
        }
      ],
      "api_key": [
        {
          "current_key": "AIzaSyAgeUQangO4mp4ALIJWuyc0EJPMmJddA5c"
        }
      ],
      "services": {
        "appinvite_service": {
          "other_platform_oauth_client": [
            {
              "client_id": "376940733669-ljsthj9je8cmdquvi9perh36aaa7nkam.apps.googleusercontent.com",
              "client_type": 3
            }
          ]
        }
      }
    }
  ],
  "configuration_version": "1"
}