<?xml version="1.0" encoding="UTF-8"?>
<issues format="6" by="lint 8.2.2" type="baseline" client="gradle" dependencies="false" name="AGP (8.2.2)" variant="all" version="8.2.2">

    <issue
        id="UseGetLayoutInflater"
        message="Use of LayoutInflater.from(getContext()) detected. Consider using getLayoutInflater() instead"
        errorLine1="        binding = DialogAddWorkoutBinding.inflate(LayoutInflater.from(getContext()));"
        errorLine2="                                                  ~~~~~~~~~~~~~~~~~~~~~~~~~~~~~~~~~">
        <location
            file="src/main/java/com/example/migym/dialogs/AddWorkoutDialog.java"
            line="30"
            column="51"/>
    </issue>

    <issue
        id="OldTargetApi"
        message="Not targeting the latest versions of Android; compatibility modes apply. Consider testing and updating this version. Consult the android.os.Build.VERSION_CODES javadoc for details."
        errorLine1="        targetSdk 34"
        errorLine2="        ~~~~~~~~~~~~">
        <location
            file="build.gradle"
            line="12"
            column="9"/>
    </issue>

    <issue
        id="OldTargetApi"
        message="Not targeting the latest versions of Android; compatibility modes apply. Consider testing and updating this version. Consult the android.os.Build.VERSION_CODES javadoc for details."
        errorLine1="        targetSdk = 34"
        errorLine2="        ~~~~~~~~~~~~~~">
        <location
            file="build.gradle.kts"
            line="13"
            column="9"/>
    </issue>

    <issue
        id="AppBundleLocaleChanges"
        message="Found dynamic locale changes, but did not find corresponding Play Core library calls for downloading languages and splitting by language is not disabled in the `bundle` configuration"
        errorLine1="        config.setLocale(locale);"
        errorLine2="        ~~~~~~~~~~~~~~~~~~~~~~~~">
        <location
            file="src/main/java/com/example/migym/MainActivity.java"
            line="45"
            column="9"/>
    </issue>

    <issue
        id="FragmentTagUsage"
        message="Replace the &lt;fragment> tag with FragmentContainerView."
        errorLine1="    &lt;fragment"
        errorLine2="     ~~~~~~~~">
        <location
            file="src/main/res/layout/activity_main.xml"
            line="7"
            column="6"/>
    </issue>

    <issue
        id="UseSwitchCompatOrMaterialXml"
        message="Use `SwitchCompat` from AppCompat or `SwitchMaterial` from Material library"
        errorLine1="    &lt;Switch"
        errorLine2="    ^">
        <location
            file="src/main/res/layout/fragment_settings.xml"
            line="21"
            column="5"/>
    </issue>

    <issue
        id="UseSwitchCompatOrMaterialXml"
        message="Use `SwitchCompat` from AppCompat or `SwitchMaterial` from Material library"
        errorLine1="    &lt;Switch"
        errorLine2="    ^">
        <location
            file="src/main/res/layout/fragment_settings.xml"
            line="28"
            column="5"/>
    </issue>

    <issue
        id="GradleDependency"
        message="A newer version of androidx.appcompat:appcompat than 1.6.1 is available: 1.7.0"
        errorLine1="    implementation &apos;androidx.appcompat:appcompat:1.6.1&apos;"
        errorLine2="                   ~~~~~~~~~~~~~~~~~~~~~~~~~~~~~~~~~~~~">
        <location
            file="build.gradle"
            line="46"
            column="20"/>
    </issue>

    <issue
        id="GradleDependency"
        message="A newer version of com.google.android.material:material than 1.11.0 is available: 1.12.0"
        errorLine1="    implementation &apos;com.google.android.material:material:1.11.0&apos;"
        errorLine2="                   ~~~~~~~~~~~~~~~~~~~~~~~~~~~~~~~~~~~~~~~~~~~~~">
        <location
            file="build.gradle"
            line="47"
            column="20"/>
    </issue>

    <issue
        id="GradleDependency"
        message="A newer version of androidx.constraintlayout:constraintlayout than 2.1.4 is available: 2.2.1"
        errorLine1="    implementation &apos;androidx.constraintlayout:constraintlayout:2.1.4&apos;"
        errorLine2="                   ~~~~~~~~~~~~~~~~~~~~~~~~~~~~~~~~~~~~~~~~~~~~~~~~~~">
        <location
            file="build.gradle"
            line="48"
            column="20"/>
    </issue>

    <issue
        id="GradleDependency"
        message="A newer version of androidx.core:core than 1.12.0 is available: 1.15.0"
        errorLine1="    implementation &apos;androidx.core:core:1.12.0&apos;"
        errorLine2="                   ~~~~~~~~~~~~~~~~~~~~~~~~~~~">
        <location
            file="build.gradle"
            line="49"
            column="20"/>
    </issue>

    <issue
        id="GradleDependency"
        message="A newer version of androidx.navigation:navigation-fragment than 2.7.7 is available: 2.8.9"
        errorLine1="    implementation &quot;androidx.navigation:navigation-fragment:$nav_version&quot;"
        errorLine2="                   ~~~~~~~~~~~~~~~~~~~~~~~~~~~~~~~~~~~~~~~~~~~~~~~~~~~~~~">
        <location
            file="build.gradle"
            line="53"
            column="20"/>
    </issue>

    <issue
        id="GradleDependency"
        message="A newer version of androidx.navigation:navigation-ui than 2.7.7 is available: 2.8.9"
        errorLine1="    implementation &quot;androidx.navigation:navigation-ui:$nav_version&quot;"
        errorLine2="                   ~~~~~~~~~~~~~~~~~~~~~~~~~~~~~~~~~~~~~~~~~~~~~~~~">
        <location
            file="build.gradle"
            line="54"
            column="20"/>
    </issue>

    <issue
        id="GradleDependency"
        message="A newer version of androidx.lifecycle:lifecycle-viewmodel than 2.7.0 is available: 2.8.7"
        errorLine1="    implementation &quot;androidx.lifecycle:lifecycle-viewmodel:$lifecycle_version&quot;"
        errorLine2="                   ~~~~~~~~~~~~~~~~~~~~~~~~~~~~~~~~~~~~~~~~~~~~~~~~~~~~~~~~~~~">
        <location
            file="build.gradle"
            line="58"
            column="20"/>
    </issue>

    <issue
        id="GradleDependency"
        message="A newer version of androidx.lifecycle:lifecycle-livedata than 2.7.0 is available: 2.8.7"
        errorLine1="    implementation &quot;androidx.lifecycle:lifecycle-livedata:$lifecycle_version&quot;"
        errorLine2="                   ~~~~~~~~~~~~~~~~~~~~~~~~~~~~~~~~~~~~~~~~~~~~~~~~~~~~~~~~~~">
        <location
            file="build.gradle"
            line="59"
            column="20"/>
    </issue>

    <issue
        id="GradleDependency"
        message="A newer version of androidx.lifecycle:lifecycle-common-java8 than 2.7.0 is available: 2.8.7"
        errorLine1="    implementation &quot;androidx.lifecycle:lifecycle-common-java8:$lifecycle_version&quot;"
        errorLine2="                   ~~~~~~~~~~~~~~~~~~~~~~~~~~~~~~~~~~~~~~~~~~~~~~~~~~~~~~~~~~~~~~">
        <location
            file="build.gradle"
            line="60"
            column="20"/>
    </issue>

    <issue
        id="GradleDependency"
        message="A newer version of androidx.work:work-runtime than 2.9.0 is available: 2.10.0"
        errorLine1="    implementation &apos;androidx.work:work-runtime:2.9.0&apos;"
        errorLine2="                   ~~~~~~~~~~~~~~~~~~~~~~~~~~~~~~~~~~">
        <location
            file="build.gradle"
            line="63"
            column="20"/>
    </issue>

    <issue
        id="GradleDependency"
        message="A newer version of androidx.test.ext:junit than 1.1.5 is available: 1.2.1"
        errorLine1="    androidTestImplementation &apos;androidx.test.ext:junit:1.1.5&apos;"
        errorLine2="                              ~~~~~~~~~~~~~~~~~~~~~~~~~~~~~~~">
        <location
            file="build.gradle"
            line="70"
            column="31"/>
    </issue>

    <issue
        id="GradleDependency"
        message="A newer version of androidx.test.espresso:espresso-core than 3.5.1 is available: 3.6.1"
        errorLine1="    androidTestImplementation &apos;androidx.test.espresso:espresso-core:3.5.1&apos;"
        errorLine2="                              ~~~~~~~~~~~~~~~~~~~~~~~~~~~~~~~~~~~~~~~~~~~~">
        <location
            file="build.gradle"
            line="71"
            column="31"/>
    </issue>

    <issue
        id="GradleDependency"
        message="A newer version of androidx.appcompat:appcompat than 1.6.1 is available: 1.7.0"
        errorLine1="    implementation(&quot;androidx.appcompat:appcompat:1.6.1&quot;)"
        errorLine2="                    ~~~~~~~~~~~~~~~~~~~~~~~~~~~~~~~~~~">
        <location
            file="build.gradle.kts"
            line="42"
            column="21"/>
    </issue>

    <issue
        id="GradleDependency"
        message="A newer version of com.google.android.material:material than 1.11.0 is available: 1.12.0"
        errorLine1="    implementation(&quot;com.google.android.material:material:1.11.0&quot;)"
        errorLine2="                    ~~~~~~~~~~~~~~~~~~~~~~~~~~~~~~~~~~~~~~~~~~~">
        <location
            file="build.gradle.kts"
            line="43"
            column="21"/>
    </issue>

    <issue
        id="GradleDependency"
        message="A newer version of androidx.constraintlayout:constraintlayout than 2.1.4 is available: 2.2.1"
        errorLine1="    implementation(&quot;androidx.constraintlayout:constraintlayout:2.1.4&quot;)"
        errorLine2="                    ~~~~~~~~~~~~~~~~~~~~~~~~~~~~~~~~~~~~~~~~~~~~~~~~">
        <location
            file="build.gradle.kts"
            line="44"
            column="21"/>
    </issue>

    <issue
        id="GradleDependency"
        message="A newer version of androidx.lifecycle:lifecycle-livedata-ktx than 2.7.0 is available: 2.8.7"
        errorLine1="    implementation(&quot;androidx.lifecycle:lifecycle-livedata-ktx:2.7.0&quot;)"
        errorLine2="                    ~~~~~~~~~~~~~~~~~~~~~~~~~~~~~~~~~~~~~~~~~~~~~~~">
        <location
            file="build.gradle.kts"
            line="45"
            column="21"/>
    </issue>

    <issue
        id="GradleDependency"
        message="A newer version of androidx.lifecycle:lifecycle-viewmodel-ktx than 2.7.0 is available: 2.8.7"
        errorLine1="    implementation(&quot;androidx.lifecycle:lifecycle-viewmodel-ktx:2.7.0&quot;)"
        errorLine2="                    ~~~~~~~~~~~~~~~~~~~~~~~~~~~~~~~~~~~~~~~~~~~~~~~~">
        <location
            file="build.gradle.kts"
            line="46"
            column="21"/>
    </issue>

    <issue
        id="GradleDependency"
        message="A newer version of androidx.navigation:navigation-fragment than 2.7.7 is available: 2.8.9"
        errorLine1="    implementation(&quot;androidx.navigation:navigation-fragment:2.7.7&quot;)"
        errorLine2="                    ~~~~~~~~~~~~~~~~~~~~~~~~~~~~~~~~~~~~~~~~~~~~~">
        <location
            file="build.gradle.kts"
            line="47"
            column="21"/>
    </issue>

    <issue
        id="GradleDependency"
        message="A newer version of androidx.navigation:navigation-ui than 2.7.7 is available: 2.8.9"
        errorLine1="    implementation(&quot;androidx.navigation:navigation-ui:2.7.7&quot;)"
        errorLine2="                    ~~~~~~~~~~~~~~~~~~~~~~~~~~~~~~~~~~~~~~~">
        <location
            file="build.gradle.kts"
            line="48"
            column="21"/>
    </issue>

    <issue
        id="GradleDependency"
        message="A newer version of androidx.work:work-runtime than 2.9.0 is available: 2.10.0"
        errorLine1="    implementation(&quot;androidx.work:work-runtime:2.9.0&quot;)"
        errorLine2="                    ~~~~~~~~~~~~~~~~~~~~~~~~~~~~~~~~">
        <location
            file="build.gradle.kts"
            line="50"
            column="21"/>
    </issue>

    <issue
        id="GradleDependency"
        message="A newer version of androidx.test.ext:junit than 1.1.5 is available: 1.2.1"
        errorLine1="    androidTestImplementation(&quot;androidx.test.ext:junit:1.1.5&quot;)"
        errorLine2="                               ~~~~~~~~~~~~~~~~~~~~~~~~~~~~~">
        <location
            file="build.gradle.kts"
            line="54"
            column="32"/>
    </issue>

    <issue
        id="GradleDependency"
        message="A newer version of androidx.test.espresso:espresso-core than 3.5.1 is available: 3.6.1"
        errorLine1="    androidTestImplementation(&quot;androidx.test.espresso:espresso-core:3.5.1&quot;)"
        errorLine2="                               ~~~~~~~~~~~~~~~~~~~~~~~~~~~~~~~~~~~~~~~~~~">
        <location
            file="build.gradle.kts"
            line="55"
            column="32"/>
    </issue>

    <issue
        id="GradleDependency"
        message="A newer version of com.android.application than 8.3.0-beta02 is available: 8.9.0"
        errorLine1="agp = &quot;8.3.0-beta02&quot;"
        errorLine2="      ~~~~~~~~~~~~~~">
        <location
            file="$HOME/AndroidStudioProjects/DasProyectoNew/gradle/libs.versions.toml"
            line="2"
            column="7"/>
    </issue>

    <issue
        id="GradleDependency"
        message="A newer version of androidx.core:core-ktx than 1.10.1 is available: 1.15.0"
        errorLine1="coreKtx = &quot;1.10.1&quot;"
        errorLine2="          ~~~~~~~~">
        <location
            file="$HOME/AndroidStudioProjects/DasProyectoNew/gradle/libs.versions.toml"
            line="4"
            column="11"/>
    </issue>

    <issue
        id="GradleDependency"
        message="A newer version of androidx.activity:activity than 1.8.0 is available: 1.10.1"
        errorLine1="activity = &quot;1.8.0&quot;"
        errorLine2="           ~~~~~~~">
        <location
            file="$HOME/AndroidStudioProjects/DasProyectoNew/gradle/libs.versions.toml"
            line="10"
            column="12"/>
    </issue>

    <issue
        id="PrivateResource"
        message="Overriding `@layout/preference_category` which is marked as private in androidx.preference:preference:1.2.1. If deliberate, use tools:override=&quot;true&quot;, otherwise pick a different name.">
        <location
            file="src/main/res/layout/preference_category.xml"/>
    </issue>

    <issue
        id="MissingTranslation"
        message="&quot;nav_home&quot; is not translated in &quot;es&quot; (Spanish)"
        errorLine1="    &lt;string name=&quot;nav_home&quot;>Inicio&lt;/string>"
        errorLine2="            ~~~~~~~~~~~~~~~">
        <location
            file="src/main/res/values/strings.xml"
            line="11"
            column="13"/>
    </issue>

    <issue
        id="MissingTranslation"
        message="&quot;nav_workout&quot; is not translated in &quot;es&quot; (Spanish)"
        errorLine1="    &lt;string name=&quot;nav_workout&quot;>Entrenamientos&lt;/string>"
        errorLine2="            ~~~~~~~~~~~~~~~~~~">
        <location
            file="src/main/res/values/strings.xml"
            line="12"
            column="13"/>
    </issue>

    <issue
        id="MissingTranslation"
        message="&quot;nav_profile&quot; is not translated in &quot;es&quot; (Spanish)"
        errorLine1="    &lt;string name=&quot;nav_profile&quot;>Perfil&lt;/string>"
        errorLine2="            ~~~~~~~~~~~~~~~~~~">
        <location
            file="src/main/res/values/strings.xml"
            line="13"
            column="13"/>
    </issue>

    <issue
        id="MissingTranslation"
        message="&quot;nav_settings&quot; is not translated in &quot;es&quot; (Spanish)"
        errorLine1="    &lt;string name=&quot;nav_settings&quot;>Ajustes&lt;/string>"
        errorLine2="            ~~~~~~~~~~~~~~~~~~~">
        <location
            file="src/main/res/values/strings.xml"
            line="14"
            column="13"/>
    </issue>

    <issue
        id="MissingTranslation"
        message="&quot;workout_added&quot; is not translated in &quot;es&quot; (Spanish)"
        errorLine1="    &lt;string name=&quot;workout_added&quot;>Entrenamiento añadido&lt;/string>"
        errorLine2="            ~~~~~~~~~~~~~~~~~~~~">
        <location
            file="src/main/res/values/strings.xml"
            line="157"
            column="13"/>
    </issue>

    <issue
        id="MissingTranslation"
        message="&quot;delete_workout_confirmation&quot; is not translated in &quot;es&quot; (Spanish)"
        errorLine1="    &lt;string name=&quot;delete_workout_confirmation&quot;>¿Estás seguro de que quieres eliminar este entrenamiento?&lt;/string>"
        errorLine2="            ~~~~~~~~~~~~~~~~~~~~~~~~~~~~~~~~~~">
        <location
            file="src/main/res/values/strings.xml"
            line="162"
            column="13"/>
    </issue>

    <issue
        id="MissingTranslation"
        message="&quot;fill_all_fields&quot; is not translated in &quot;es&quot; (Spanish)"
        errorLine1="    &lt;string name=&quot;fill_all_fields&quot;>Por favor, completa todos los campos&lt;/string>"
        errorLine2="            ~~~~~~~~~~~~~~~~~~~~~~">
        <location
            file="src/main/res/values/strings.xml"
            line="163"
            column="13"/>
    </issue>

    <issue
        id="MissingTranslation"
        message="&quot;invalid_duration&quot; is not translated in &quot;es&quot; (Spanish)"
        errorLine1="    &lt;string name=&quot;invalid_duration&quot;>La duración debe ser un número válido&lt;/string>"
        errorLine2="            ~~~~~~~~~~~~~~~~~~~~~~~">
        <location
            file="src/main/res/values/strings.xml"
            line="164"
            column="13"/>
    </issue>

    <issue
        id="MissingTranslation"
        message="&quot;time_conflict&quot; is not translated in &quot;es&quot; (Spanish)"
        errorLine1="    &lt;string name=&quot;time_conflict&quot;>Ya existe un entrenamiento programado para esta hora&lt;/string>"
        errorLine2="            ~~~~~~~~~~~~~~~~~~~~">
        <location
            file="src/main/res/values/strings.xml"
            line="165"
            column="13"/>
    </issue>

    <issue
        id="PluralsCandidate"
        message="Formatting %d followed by words (&quot;minutos&quot;): This should probably be a plural rather than a string"
        errorLine1="    &lt;string name=&quot;workout_duration_format&quot;>Duración: %d minutos&lt;/string>"
        errorLine2="    ~~~~~~~~~~~~~~~~~~~~~~~~~~~~~~~~~~~~~~~~~~~~~~~~~~~~~~~~~~~~~~~~~~~~">
        <location
            file="src/main/res/values/strings.xml"
            line="83"
            column="5"/>
    </issue>

    <issue
        id="PluralsCandidate"
        message="Formatting %d followed by words (&quot;minutos&quot;): This should probably be a plural rather than a string"
        errorLine1="    &lt;string name=&quot;duration_minutes&quot;>%1$d minutos&lt;/string>"
        errorLine2="    ~~~~~~~~~~~~~~~~~~~~~~~~~~~~~~~~~~~~~~~~~~~~~~~~~~~~~">
        <location
            file="src/main/res/values/strings.xml"
            line="85"
            column="5"/>
    </issue>

    <issue
        id="NotifyDataSetChanged"
        message="It will always be more efficient to use more specific change events if you can. Rely on `notifyDataSetChanged` as a last resort."
        errorLine1="        notifyDataSetChanged();"
        errorLine2="        ~~~~~~~~~~~~~~~~~~~~~~">
        <location
            file="src/main/java/com/example/migym/adapters/WorkoutAdapter.java"
            line="63"
            column="9"/>
    </issue>

    <issue
        id="ObsoleteSdkInt"
        message="Unnecessary; SDK_INT is always >= 24"
        errorLine1="        if (Build.VERSION.SDK_INT >= Build.VERSION_CODES.N) {"
        errorLine2="            ~~~~~~~~~~~~~~~~~~~~~~~~~~~~~~~~~~~~~~~~~~~~~~">
        <location
            file="src/main/java/com/example/migym/utils/LocaleHelper.java"
            line="19"
            column="13"/>
    </issue>

    <issue
        id="UseCompoundDrawables"
        message="This tag and its children can be replaced by one `&lt;TextView/>` and a compound drawable"
        errorLine1="        &lt;LinearLayout"
        errorLine2="         ~~~~~~~~~~~~">
        <location
            file="src/main/res/layout/fragment_daily.xml"
            line="26"
            column="10"/>
    </issue>

    <issue
        id="VectorPath"
        message="Very long vector path (904 characters), which is bad for performance. Considering reducing precision, removing minor details or rasterizing vector."
        errorLine1="        android:pathData=&quot;M19.14,12.94c0.04,-0.3 0.06,-0.61 0.06,-0.94c0,-0.32 -0.02,-0.64 -0.07,-0.94l2.03,-1.58c0.18,-0.14 0.23,-0.41 0.12,-0.61l-1.92,-3.32c-0.12,-0.22 -0.37,-0.29 -0.59,-0.22l-2.39,0.96c-0.5,-0.38 -1.03,-0.7 -1.62,-0.94L14.4,2.81c-0.04,-0.24 -0.24,-0.41 -0.48,-0.41h-3.84c-0.24,0 -0.43,0.17 -0.47,0.41L9.25,5.35C8.66,5.59 8.12,5.92 7.63,6.29L5.24,5.33c-0.22,-0.08 -0.47,0 -0.59,0.22L2.74,8.87C2.62,9.08 2.66,9.34 2.86,9.48l2.03,1.58C4.84,11.36 4.8,11.69 4.8,12s0.02,0.64 0.07,0.94l-2.03,1.58c-0.18,0.14 -0.23,0.41 -0.12,0.61l1.92,3.32c0.12,0.22 0.37,0.29 0.59,0.22l2.39,-0.96c0.5,0.38 1.03,0.7 1.62,0.94l0.36,2.54c0.05,0.24 0.24,0.41 0.48,0.41h3.84c0.24,0 0.44,-0.17 0.47,-0.41l0.36,-2.54c0.59,-0.24 1.13,-0.56 1.62,-0.94l2.39,0.96c0.22,0.08 0.47,0 0.59,-0.22l1.92,-3.32c0.12,-0.22 0.07,-0.47 -0.12,-0.61L19.14,12.94zM12,15.6c-1.98,0 -3.6,-1.62 -3.6,-3.6s1.62,-3.6 3.6,-3.6s3.6,1.62 3.6,3.6S13.98,15.6 12,15.6z&quot; />"
        errorLine2="                          ~~~~~~~~~~~~~~~~~~~~~~~~~~~~~~~~~~~~~~~~~~~~~~~~~~~~~~~~~~~~~~~~~~~~~~~~~~~~~~~~~~~~~~~~~~~~~~~~~~~~~~~~~~~~~~~~~~~~~~~~~~~~~~~~~~~~~~~~~~~~~~~~~~~~~~~~~~~~~~~~~~~~~~~~~~~~~~~~~~~~~~~~~~~~~~~~~~~~~~~~~~~~~~~~~~~~~~~~~~~~~~~~~~~~~~~~~~~~~~~~~~~~~~~~~~~~~~~~~~~~~~~~~~~~~~~~~~~~~~~~~~~~~~~~~~~~~~~~~~~~~~~~~~~~~~~~~~~~~~~~~~~~~~~~~~~~~~~~~~~~~~~~~~~~~~~~~~~~~~~~~~~~~~~~~~~~~~~~~~~~~~~~~~~~~~~~~~~~~~~~~~~~~~~~~~~~~~~~~~~~~~~~~~~~~~~~~~~~~~~~~~~~~~~~~~~~~~~~~~~~~~~~~~~~~~~~~~~~~~~~~~~~~~~~~~~~~~~~~~~~~~~~~~~~~~~~~~~~~~~~~~~~~~~~~~~~~~~~~~~~~~~~~~~~~~~~~~~~~~~~~~~~~~~~~~~~~~~~~~~~~~~~~~~~~~~~~~~~~~~~~~~~~~~~~~~~~~~~~~~~~~~~~~~~~~~~~~~~~~~~~~~~~~~~~~~~~~~~~~~~~~~~~~~~~~~~~~~~~~~~~~~~~~~~~~~~~~~~~~~~~~~~~~~~~~~~~~~~~~~~~~~~~~~~~~~~~~~~~~~~~~~~~~~~~~~~~~~~~~~~~~~~~~~~~~~~~~~~~~~~~~~~~~~~~~~~~~~~~~~~~~~~~~~~~~~~~~~~~~~~~~~~~~~~~~~~~~~~~~~~~~~~~~~~~~~~~~~~~~~~~~~~~~~~~~~~~~~~~~~~~~~~~~~~~~~~~~~~~~~~~~~~">
        <location
            file="src/main/res/drawable/ic_settings.xml"
            line="9"
            column="27"/>
    </issue>

    <issue
        id="Overdraw"
        message="Possible overdraw: Root element paints background `?attr/colorPrimary` with a theme that also paints a background (inferred theme is `@style/Theme.MIGYM`)"
        errorLine1="    android:background=&quot;?attr/colorPrimary&quot;"
        errorLine2="    ~~~~~~~~~~~~~~~~~~~~~~~~~~~~~~~~~~~~~~~">
        <location
            file="src/main/res/layout/nav_header.xml"
            line="5"
            column="5"/>
    </issue>

    <issue
        id="UnusedResources"
        message="The resource `R.array.hours` appears to be unused"
        errorLine1="    &lt;string-array name=&quot;hours&quot;>"
        errorLine2="                  ~~~~~~~~~~~~">
        <location
            file="src/main/res/values/arrays.xml"
            line="27"
            column="19"/>
    </issue>

    <issue
        id="UnusedResources"
        message="The resource `R.array.minutes` appears to be unused"
        errorLine1="    &lt;string-array name=&quot;minutes&quot;>"
        errorLine2="                  ~~~~~~~~~~~~~~">
        <location
            file="src/main/res/values/arrays.xml"
            line="54"
            column="19"/>
    </issue>

    <issue
        id="UnusedResources"
        message="The resource `R.array.language_entries` appears to be unused"
        errorLine1="    &lt;string-array name=&quot;language_entries&quot;>"
        errorLine2="                  ~~~~~~~~~~~~~~~~~~~~~~~">
        <location
            file="src/main/res/values/arrays.xml"
            line="66"
            column="19"/>
    </issue>

    <issue
        id="UnusedResources"
        message="The resource `R.array.language_values` appears to be unused"
        errorLine1="    &lt;string-array name=&quot;language_values&quot;>"
        errorLine2="                  ~~~~~~~~~~~~~~~~~~~~~~">
        <location
            file="src/main/res/values/arrays.xml"
            line="71"
            column="19"/>
    </issue>

    <issue
        id="UnusedResources"
        message="The resource `R.array.notification_time_entries` appears to be unused"
        errorLine1="    &lt;string-array name=&quot;notification_time_entries&quot;>"
        errorLine2="                  ~~~~~~~~~~~~~~~~~~~~~~~~~~~~~~~~">
        <location
            file="src/main/res/values/arrays.xml"
            line="76"
            column="19"/>
    </issue>

    <issue
        id="UnusedResources"
        message="The resource `R.array.notification_time_values` appears to be unused"
        errorLine1="    &lt;string-array name=&quot;notification_time_values&quot;>"
        errorLine2="                  ~~~~~~~~~~~~~~~~~~~~~~~~~~~~~~~">
        <location
            file="src/main/res/values/arrays.xml"
            line="83"
            column="19"/>
    </issue>

    <issue
        id="UnusedResources"
        message="The resource `R.menu.bottom_navigation_menu` appears to be unused"
        errorLine1="&lt;menu xmlns:android=&quot;http://schemas.android.com/apk/res/android&quot;>"
        errorLine2="^">
        <location
            file="src/main/res/menu/bottom_navigation_menu.xml"
            line="2"
            column="1"/>
    </issue>

    <issue
        id="UnusedResources"
        message="The resource `R.color.purple_200` appears to be unused"
        errorLine1="    &lt;color name=&quot;purple_200&quot;>#FFBB86FC&lt;/color>"
        errorLine2="           ~~~~~~~~~~~~~~~~~">
        <location
            file="src/main/res/values/colors.xml"
            line="3"
            column="12"/>
    </issue>

    <issue
        id="UnusedResources"
        message="The resource `R.color.purple_500` appears to be unused"
        errorLine1="    &lt;color name=&quot;purple_500&quot;>#FF6200EE&lt;/color>"
        errorLine2="           ~~~~~~~~~~~~~~~~~">
        <location
            file="src/main/res/values/colors.xml"
            line="4"
            column="12"/>
    </issue>

    <issue
        id="UnusedResources"
        message="The resource `R.color.purple_700` appears to be unused"
        errorLine1="    &lt;color name=&quot;purple_700&quot;>#FF3700B3&lt;/color>"
        errorLine2="           ~~~~~~~~~~~~~~~~~">
        <location
            file="src/main/res/values/colors.xml"
            line="5"
            column="12"/>
    </issue>

    <issue
        id="UnusedResources"
        message="The resource `R.color.teal_200` appears to be unused"
        errorLine1="    &lt;color name=&quot;teal_200&quot;>#FF03DAC5&lt;/color>"
        errorLine2="           ~~~~~~~~~~~~~~~">
        <location
            file="src/main/res/values/colors.xml"
            line="6"
            column="12"/>
    </issue>

    <issue
        id="UnusedResources"
        message="The resource `R.color.teal_700` appears to be unused"
        errorLine1="    &lt;color name=&quot;teal_700&quot;>#FF018786&lt;/color>"
        errorLine2="           ~~~~~~~~~~~~~~~">
        <location
            file="src/main/res/values/colors.xml"
            line="7"
            column="12"/>
    </issue>

    <issue
        id="UnusedResources"
        message="The resource `R.color.primary_darker` appears to be unused"
        errorLine1="    &lt;color name=&quot;primary_darker&quot;>#FF1A1A1A&lt;/color>"
        errorLine2="           ~~~~~~~~~~~~~~~~~~~~~">
        <location
            file="src/main/res/values/colors.xml"
            line="12"
            column="12"/>
    </issue>

    <issue
        id="UnusedResources"
        message="The resource `R.color.secondary` appears to be unused"
        errorLine1="    &lt;color name=&quot;secondary&quot;>#03DAC6&lt;/color>"
        errorLine2="           ~~~~~~~~~~~~~~~~">
        <location
            file="src/main/res/values/colors.xml"
            line="13"
            column="12"/>
    </issue>

    <issue
        id="UnusedResources"
        message="The resource `R.color.secondary_dark` appears to be unused"
        errorLine1="    &lt;color name=&quot;secondary_dark&quot;>#018786&lt;/color>"
        errorLine2="           ~~~~~~~~~~~~~~~~~~~~~">
        <location
            file="src/main/res/values/colors.xml"
            line="14"
            column="12"/>
    </issue>

    <issue
        id="UnusedResources"
        message="The resource `R.color.accent_dark` appears to be unused"
        errorLine1="    &lt;color name=&quot;accent_dark&quot;>#FF018786&lt;/color>"
        errorLine2="           ~~~~~~~~~~~~~~~~~~">
        <location
            file="src/main/res/values/colors.xml"
            line="16"
            column="12"/>
    </issue>

    <issue
        id="UnusedResources"
        message="The resource `R.color.accent_darker` appears to be unused"
        errorLine1="    &lt;color name=&quot;accent_darker&quot;>#FF00B4AB&lt;/color>"
        errorLine2="           ~~~~~~~~~~~~~~~~~~~~">
        <location
            file="src/main/res/values/colors.xml"
            line="17"
            column="12"/>
    </issue>

    <issue
        id="UnusedResources"
        message="The resource `R.color.background` appears to be unused"
        errorLine1="    &lt;color name=&quot;background&quot;>#FFFFFFFF&lt;/color>"
        errorLine2="           ~~~~~~~~~~~~~~~~~">
        <location
            file="src/main/res/values/colors.xml"
            line="18"
            column="12"/>
    </issue>

    <issue
        id="UnusedResources"
        message="The resource `R.color.background_dark` appears to be unused"
        errorLine1="    &lt;color name=&quot;background_dark&quot;>#FF121212&lt;/color>"
        errorLine2="           ~~~~~~~~~~~~~~~~~~~~~~">
        <location
            file="src/main/res/values/colors.xml"
            line="19"
            column="12"/>
    </issue>

    <issue
        id="UnusedResources"
        message="The resource `R.color.surface` appears to be unused"
        errorLine1="    &lt;color name=&quot;surface&quot;>#FFFFFF&lt;/color>"
        errorLine2="           ~~~~~~~~~~~~~~">
        <location
            file="src/main/res/values/colors.xml"
            line="20"
            column="12"/>
    </issue>

    <issue
        id="UnusedResources"
        message="The resource `R.color.error` appears to be unused"
        errorLine1="    &lt;color name=&quot;error&quot;>#B00020&lt;/color>"
        errorLine2="           ~~~~~~~~~~~~">
        <location
            file="src/main/res/values/colors.xml"
            line="21"
            column="12"/>
    </issue>

    <issue
        id="UnusedResources"
        message="The resource `R.color.text_primary` appears to be unused"
        errorLine1="    &lt;color name=&quot;text_primary&quot;>#DE000000&lt;/color>"
        errorLine2="           ~~~~~~~~~~~~~~~~~~~">
        <location
            file="src/main/res/values/colors.xml"
            line="22"
            column="12"/>
    </issue>

    <issue
        id="UnusedResources"
        message="The resource `R.color.text_primary_dark` appears to be unused"
        errorLine1="    &lt;color name=&quot;text_primary_dark&quot;>#DEFFFFFF&lt;/color>"
        errorLine2="           ~~~~~~~~~~~~~~~~~~~~~~~~">
        <location
            file="src/main/res/values/colors.xml"
            line="23"
            column="12"/>
    </issue>

    <issue
        id="UnusedResources"
        message="The resource `R.color.text_secondary` appears to be unused"
        errorLine1="    &lt;color name=&quot;text_secondary&quot;>#99000000&lt;/color>"
        errorLine2="           ~~~~~~~~~~~~~~~~~~~~~">
        <location
            file="src/main/res/values/colors.xml"
            line="24"
            column="12"/>
    </issue>

    <issue
        id="UnusedResources"
        message="The resource `R.color.text_secondary_dark` appears to be unused"
        errorLine1="    &lt;color name=&quot;text_secondary_dark&quot;>#99FFFFFF&lt;/color>"
        errorLine2="           ~~~~~~~~~~~~~~~~~~~~~~~~~~">
        <location
            file="src/main/res/values/colors.xml"
            line="25"
            column="12"/>
    </issue>

    <issue
        id="UnusedResources"
        message="The resource `R.color.primary_text` appears to be unused"
        errorLine1="    &lt;color name=&quot;primary_text&quot;>#DE000000&lt;/color>"
        errorLine2="           ~~~~~~~~~~~~~~~~~~~">
        <location
            file="src/main/res/values/colors.xml"
            line="26"
            column="12"/>
    </issue>

    <issue
        id="UnusedResources"
        message="The resource `R.color.secondary_text` appears to be unused"
        errorLine1="    &lt;color name=&quot;secondary_text&quot;>#99000000&lt;/color>"
        errorLine2="           ~~~~~~~~~~~~~~~~~~~~~">
        <location
            file="src/main/res/values/colors.xml"
            line="27"
            column="12"/>
    </issue>

    <issue
        id="UnusedResources"
        message="The resource `R.color.icons` appears to be unused"
        errorLine1="    &lt;color name=&quot;icons&quot;>#DE000000&lt;/color>"
        errorLine2="           ~~~~~~~~~~~~">
        <location
            file="src/main/res/values/colors.xml"
            line="28"
            column="12"/>
    </issue>

    <issue
        id="UnusedResources"
        message="The resource `R.color.day_no_activity` appears to be unused"
        errorLine1="    &lt;color name=&quot;day_no_activity&quot;>#FF4CAF50&lt;/color>"
        errorLine2="           ~~~~~~~~~~~~~~~~~~~~~~">
        <location
            file="src/main/res/values/colors.xml"
            line="30"
            column="12"/>
    </issue>

    <issue
        id="UnusedResources"
        message="The resource `R.color.day_one_activity` appears to be unused"
        errorLine1="    &lt;color name=&quot;day_one_activity&quot;>#FFFF9800&lt;/color>"
        errorLine2="           ~~~~~~~~~~~~~~~~~~~~~~~">
        <location
            file="src/main/res/values/colors.xml"
            line="31"
            column="12"/>
    </issue>

    <issue
        id="UnusedResources"
        message="The resource `R.color.day_multiple_activities` appears to be unused"
        errorLine1="    &lt;color name=&quot;day_multiple_activities&quot;>#FFF44336&lt;/color>"
        errorLine2="           ~~~~~~~~~~~~~~~~~~~~~~~~~~~~~~">
        <location
            file="src/main/res/values/colors.xml"
            line="32"
            column="12"/>
    </issue>

    <issue
        id="UnusedResources"
        message="The resource `R.layout.dialog_rate_workout` appears to be unused"
        errorLine1="&lt;LinearLayout xmlns:android=&quot;http://schemas.android.com/apk/res/android&quot;"
        errorLine2="^">
        <location
            file="src/main/res/layout/dialog_rate_workout.xml"
            line="2"
            column="1"/>
    </issue>

    <issue
        id="UnusedResources"
        message="The resource `R.menu.drawer_menu` appears to be unused"
        errorLine1="&lt;menu xmlns:android=&quot;http://schemas.android.com/apk/res/android&quot;>"
        errorLine2="^">
        <location
            file="src/main/res/menu/drawer_menu.xml"
            line="2"
            column="1"/>
    </issue>

    <issue
        id="UnusedResources"
        message="The resource `R.layout.fragment_calendar` appears to be unused"
        errorLine1="&lt;LinearLayout xmlns:android=&quot;http://schemas.android.com/apk/res/android&quot;"
        errorLine2="^">
        <location
            file="src/main/res/layout/fragment_calendar.xml"
            line="2"
            column="1"/>
    </issue>

    <issue
        id="UnusedResources"
        message="The resource `R.drawable.ic_calendar` appears to be unused"
        errorLine1="&lt;vector xmlns:android=&quot;http://schemas.android.com/apk/res/android&quot;"
        errorLine2="^">
        <location
            file="src/main/res/drawable/ic_calendar.xml"
            line="2"
            column="1"/>
    </issue>

    <issue
        id="UnusedResources"
        message="The resource `R.drawable.ic_home` appears to be unused"
        errorLine1="&lt;vector xmlns:android=&quot;http://schemas.android.com/apk/res/android&quot;"
        errorLine2="^">
        <location
            file="src/main/res/drawable/ic_home.xml"
            line="2"
            column="1"/>
    </issue>

    <issue
        id="UnusedResources"
        message="The resource `R.drawable.ic_language` appears to be unused"
        errorLine1="&lt;vector xmlns:android=&quot;http://schemas.android.com/apk/res/android&quot;"
        errorLine2="^">
        <location
            file="src/main/res/drawable/ic_language.xml"
            line="2"
            column="1"/>
    </issue>

    <issue
        id="UnusedResources"
        message="The resource `R.drawable.ic_location` appears to be unused"
        errorLine1="&lt;vector xmlns:android=&quot;http://schemas.android.com/apk/res/android&quot;"
        errorLine2="^">
        <location
            file="src/main/res/drawable/ic_location.xml"
            line="2"
            column="1"/>
    </issue>

    <issue
        id="UnusedResources"
        message="The resource `R.drawable.ic_time` appears to be unused"
        errorLine1="&lt;vector xmlns:android=&quot;http://schemas.android.com/apk/res/android&quot;"
        errorLine2="^">
        <location
            file="src/main/res/drawable/ic_time.xml"
            line="2"
            column="1"/>
    </issue>

    <issue
        id="UnusedResources"
        message="The resource `R.drawable.ic_timer` appears to be unused"
        errorLine1="&lt;vector xmlns:android=&quot;http://schemas.android.com/apk/res/android&quot;"
        errorLine2="^">
        <location
            file="src/main/res/drawable/ic_timer.xml"
            line="2"
            column="1"/>
    </issue>

    <issue
        id="UnusedResources"
        message="The resource `R.drawable.ic_view_week` appears to be unused"
        errorLine1="&lt;vector xmlns:android=&quot;http://schemas.android.com/apk/res/android&quot;"
        errorLine2="^">
        <location
            file="src/main/res/drawable/ic_view_week.xml"
            line="2"
            column="1"/>
    </issue>

    <issue
        id="UnusedResources"
        message="The resource `R.layout.item_day_header` appears to be unused"
        errorLine1="&lt;LinearLayout xmlns:android=&quot;http://schemas.android.com/apk/res/android&quot;"
        errorLine2="^">
        <location
            file="src/main/res/layout/item_day_header.xml"
            line="2"
            column="1"/>
    </issue>

    <issue
        id="UnusedResources"
        message="The resource `R.menu.main_menu` appears to be unused"
        errorLine1="&lt;menu xmlns:android=&quot;http://schemas.android.com/apk/res/android&quot;"
        errorLine2="^">
        <location
            file="src/main/res/menu/main_menu.xml"
            line="2"
            column="1"/>
    </issue>

    <issue
        id="UnusedResources"
        message="The resource `R.menu.nav_drawer_menu` appears to be unused"
        errorLine1="&lt;menu xmlns:android=&quot;http://schemas.android.com/apk/res/android&quot;>"
        errorLine2="^">
        <location
            file="src/main/res/menu/nav_drawer_menu.xml"
            line="2"
            column="1"/>
    </issue>

    <issue
        id="UnusedResources"
        message="The resource `R.layout.nav_header` appears to be unused"
        errorLine1="&lt;LinearLayout xmlns:android=&quot;http://schemas.android.com/apk/res/android&quot;"
        errorLine2="^">
        <location
            file="src/main/res/layout/nav_header.xml"
            line="2"
            column="1"/>
    </issue>

    <issue
        id="UnusedResources"
        message="The resource `R.menu.nav_menu` appears to be unused"
        errorLine1="&lt;menu xmlns:android=&quot;http://schemas.android.com/apk/res/android&quot;>"
        errorLine2="^">
        <location
            file="src/main/res/menu/nav_menu.xml"
            line="2"
            column="1"/>
    </issue>

    <issue
        id="UnusedResources"
        message="The resource `R.layout.preference_category` appears to be unused"
        errorLine1="&lt;LinearLayout xmlns:android=&quot;http://schemas.android.com/apk/res/android&quot;"
        errorLine2="^">
        <location
            file="src/main/res/layout/preference_category.xml"
            line="2"
            column="1"/>
    </issue>

    <issue
        id="UnusedResources"
        message="The resource `R.layout.preference_item` appears to be unused"
        errorLine1="&lt;LinearLayout xmlns:android=&quot;http://schemas.android.com/apk/res/android&quot;"
        errorLine2="^">
        <location
            file="src/main/res/layout/preference_item.xml"
            line="2"
            column="1"/>
    </issue>

    <issue
        id="UnusedResources"
        message="The resource `R.xml.preferences` appears to be unused"
        errorLine1="&lt;androidx.preference.PreferenceScreen"
        errorLine2="^">
        <location
            file="src/main/res/xml/preferences.xml"
            line="2"
            column="1"/>
    </issue>

    <issue
        id="UnusedResources"
        message="The resource `R.string.navigation_drawer_open` appears to be unused"
        errorLine1="    &lt;string name=&quot;navigation_drawer_open&quot;>Abrir menú de navegación&lt;/string>"
        errorLine2="            ~~~~~~~~~~~~~~~~~~~~~~~~~~~~~">
        <location
            file="src/main/res/values/strings.xml"
            line="6"
            column="13"/>
    </issue>

    <issue
        id="UnusedResources"
        message="The resource `R.string.navigation_drawer_close` appears to be unused"
        errorLine1="    &lt;string name=&quot;navigation_drawer_close&quot;>Cerrar menú de navegación&lt;/string>"
        errorLine2="            ~~~~~~~~~~~~~~~~~~~~~~~~~~~~~~">
        <location
            file="src/main/res/values/strings.xml"
            line="7"
            column="13"/>
    </issue>

    <issue
        id="UnusedResources"
        message="The resource `R.string.nav_header_title` appears to be unused"
        errorLine1="    &lt;string name=&quot;nav_header_title&quot;>MIGYM&lt;/string>"
        errorLine2="            ~~~~~~~~~~~~~~~~~~~~~~~">
        <location
            file="src/main/res/values/strings.xml"
            line="8"
            column="13"/>
    </issue>

    <issue
        id="UnusedResources"
        message="The resource `R.string.nav_header_subtitle` appears to be unused"
        errorLine1="    &lt;string name=&quot;nav_header_subtitle&quot;>Tu Planificador de Entrenamientos&lt;/string>"
        errorLine2="            ~~~~~~~~~~~~~~~~~~~~~~~~~~">
        <location
            file="src/main/res/values/strings.xml"
            line="9"
            column="13"/>
    </issue>

    <issue
        id="UnusedResources"
        message="The resource `R.string.nav_header_desc` appears to be unused"
        errorLine1="    &lt;string name=&quot;nav_header_desc&quot;>Encabezado de navegación&lt;/string>"
        errorLine2="            ~~~~~~~~~~~~~~~~~~~~~~">
        <location
            file="src/main/res/values/strings.xml"
            line="10"
            column="13"/>
    </issue>

    <issue
        id="UnusedResources"
        message="The resource `R.string.menu_workouts` appears to be unused"
        errorLine1="    &lt;string name=&quot;menu_workouts&quot;>Entrenamientos&lt;/string>"
        errorLine2="            ~~~~~~~~~~~~~~~~~~~~">
        <location
            file="src/main/res/values/strings.xml"
            line="17"
            column="13"/>
    </issue>

    <issue
        id="UnusedResources"
        message="The resource `R.string.menu_settings` appears to be unused"
        errorLine1="    &lt;string name=&quot;menu_settings&quot;>Ajustes&lt;/string>"
        errorLine2="            ~~~~~~~~~~~~~~~~~~~~">
        <location
            file="src/main/res/values/strings.xml"
            line="18"
            column="13"/>
    </issue>

    <issue
        id="UnusedResources"
        message="The resource `R.string.workouts` appears to be unused"
        errorLine1="    &lt;string name=&quot;workouts&quot;>Entrenamientos&lt;/string>"
        errorLine2="            ~~~~~~~~~~~~~~~">
        <location
            file="src/main/res/values/strings.xml"
            line="19"
            column="13"/>
    </issue>

    <issue
        id="UnusedResources"
        message="The resource `R.string.menu_home` appears to be unused"
        errorLine1="    &lt;string name=&quot;menu_home&quot;>Inicio&lt;/string>"
        errorLine2="            ~~~~~~~~~~~~~~~~">
        <location
            file="src/main/res/values/strings.xml"
            line="21"
            column="13"/>
    </issue>

    <issue
        id="UnusedResources"
        message="The resource `R.string.menu_daily` appears to be unused"
        errorLine1="    &lt;string name=&quot;menu_daily&quot;>Diario&lt;/string>"
        errorLine2="            ~~~~~~~~~~~~~~~~~">
        <location
            file="src/main/res/values/strings.xml"
            line="22"
            column="13"/>
    </issue>

    <issue
        id="UnusedResources"
        message="The resource `R.string.action_settings` appears to be unused"
        errorLine1="    &lt;string name=&quot;action_settings&quot;>Ajustes&lt;/string>"
        errorLine2="            ~~~~~~~~~~~~~~~~~~~~~~">
        <location
            file="src/main/res/values/strings.xml"
            line="23"
            column="13"/>
    </issue>

    <issue
        id="UnusedResources"
        message="The resource `R.string.sunday_short` appears to be unused"
        errorLine1="    &lt;string name=&quot;sunday_short&quot;>Dom&lt;/string>"
        errorLine2="            ~~~~~~~~~~~~~~~~~~~">
        <location
            file="src/main/res/values/strings.xml"
            line="35"
            column="13"/>
    </issue>

    <issue
        id="UnusedResources"
        message="The resource `R.string.monday_short` appears to be unused"
        errorLine1="    &lt;string name=&quot;monday_short&quot;>Lun&lt;/string>"
        errorLine2="            ~~~~~~~~~~~~~~~~~~~">
        <location
            file="src/main/res/values/strings.xml"
            line="36"
            column="13"/>
    </issue>

    <issue
        id="UnusedResources"
        message="The resource `R.string.tuesday_short` appears to be unused"
        errorLine1="    &lt;string name=&quot;tuesday_short&quot;>Mar&lt;/string>"
        errorLine2="            ~~~~~~~~~~~~~~~~~~~~">
        <location
            file="src/main/res/values/strings.xml"
            line="37"
            column="13"/>
    </issue>

    <issue
        id="UnusedResources"
        message="The resource `R.string.wednesday_short` appears to be unused"
        errorLine1="    &lt;string name=&quot;wednesday_short&quot;>Mié&lt;/string>"
        errorLine2="            ~~~~~~~~~~~~~~~~~~~~~~">
        <location
            file="src/main/res/values/strings.xml"
            line="38"
            column="13"/>
    </issue>

    <issue
        id="UnusedResources"
        message="The resource `R.string.thursday_short` appears to be unused"
        errorLine1="    &lt;string name=&quot;thursday_short&quot;>Jue&lt;/string>"
        errorLine2="            ~~~~~~~~~~~~~~~~~~~~~">
        <location
            file="src/main/res/values/strings.xml"
            line="39"
            column="13"/>
    </issue>

    <issue
        id="UnusedResources"
        message="The resource `R.string.friday_short` appears to be unused"
        errorLine1="    &lt;string name=&quot;friday_short&quot;>Vie&lt;/string>"
        errorLine2="            ~~~~~~~~~~~~~~~~~~~">
        <location
            file="src/main/res/values/strings.xml"
            line="40"
            column="13"/>
    </issue>

    <issue
        id="UnusedResources"
        message="The resource `R.string.saturday_short` appears to be unused"
        errorLine1="    &lt;string name=&quot;saturday_short&quot;>Sáb&lt;/string>"
        errorLine2="            ~~~~~~~~~~~~~~~~~~~~~">
        <location
            file="src/main/res/values/strings.xml"
            line="41"
            column="13"/>
    </issue>

    <issue
        id="UnusedResources"
        message="The resource `R.string.edit_workout` appears to be unused"
        errorLine1="    &lt;string name=&quot;edit_workout&quot;>Editar entrenamiento&lt;/string>"
        errorLine2="            ~~~~~~~~~~~~~~~~~~~">
        <location
            file="src/main/res/values/strings.xml"
            line="45"
            column="13"/>
    </issue>

    <issue
        id="UnusedResources"
        message="The resource `R.string.workout_complete` appears to be unused"
        errorLine1="    &lt;string name=&quot;workout_complete&quot;>Entrenamiento completado&lt;/string>"
        errorLine2="            ~~~~~~~~~~~~~~~~~~~~~~~">
        <location
            file="src/main/res/values/strings.xml"
            line="54"
            column="13"/>
    </issue>

    <issue
        id="UnusedResources"
        message="The resource `R.string.upcoming_workout` appears to be unused"
        errorLine1="    &lt;string name=&quot;upcoming_workout&quot;>Próximo entrenamiento&lt;/string>"
        errorLine2="            ~~~~~~~~~~~~~~~~~~~~~~~">
        <location
            file="src/main/res/values/strings.xml"
            line="55"
            column="13"/>
    </issue>

    <issue
        id="UnusedResources"
        message="The resource `R.string.recurring_workout` appears to be unused"
        errorLine1="    &lt;string name=&quot;recurring_workout&quot;>Entrenamiento recurrente&lt;/string>"
        errorLine2="            ~~~~~~~~~~~~~~~~~~~~~~~~">
        <location
            file="src/main/res/values/strings.xml"
            line="57"
            column="13"/>
    </issue>

    <issue
        id="UnusedResources"
        message="The resource `R.string.rate_workout` appears to be unused"
        errorLine1="    &lt;string name=&quot;rate_workout&quot;>Calificar entrenamiento&lt;/string>"
        errorLine2="            ~~~~~~~~~~~~~~~~~~~">
        <location
            file="src/main/res/values/strings.xml"
            line="58"
            column="13"/>
    </issue>

    <issue
        id="UnusedResources"
        message="The resource `R.string.rate_performance` appears to be unused"
        errorLine1="    &lt;string name=&quot;rate_performance&quot;>Califica tu rendimiento&lt;/string>"
        errorLine2="            ~~~~~~~~~~~~~~~~~~~~~~~">
        <location
            file="src/main/res/values/strings.xml"
            line="59"
            column="13"/>
    </issue>

    <issue
        id="UnusedResources"
        message="The resource `R.string.workout_notes_format` appears to be unused"
        errorLine1="    &lt;string name=&quot;workout_notes_format&quot;>Notas: %s&lt;/string>"
        errorLine2="            ~~~~~~~~~~~~~~~~~~~~~~~~~~~">
        <location
            file="src/main/res/values/strings.xml"
            line="60"
            column="13"/>
    </issue>

    <issue
        id="UnusedResources"
        message="The resource `R.string.workout_rating_format` appears to be unused"
        errorLine1="    &lt;string name=&quot;workout_rating_format&quot;>Calificación: %d&lt;/string>"
        errorLine2="            ~~~~~~~~~~~~~~~~~~~~~~~~~~~~">
        <location
            file="src/main/res/values/strings.xml"
            line="61"
            column="13"/>
    </issue>

    <issue
        id="UnusedResources"
        message="The resource `R.string.share_workout` appears to be unused"
        errorLine1="    &lt;string name=&quot;share_workout&quot;>Compartir entrenamiento&lt;/string>"
        errorLine2="            ~~~~~~~~~~~~~~~~~~~~">
        <location
            file="src/main/res/values/strings.xml"
            line="62"
            column="13"/>
    </issue>

    <issue
        id="UnusedResources"
        message="The resource `R.string.add_to_calendar` appears to be unused"
        errorLine1="    &lt;string name=&quot;add_to_calendar&quot;>Añadir al calendario&lt;/string>"
        errorLine2="            ~~~~~~~~~~~~~~~~~~~~~~">
        <location
            file="src/main/res/values/strings.xml"
            line="63"
            column="13"/>
    </issue>

    <issue
        id="UnusedResources"
        message="The resource `R.string.ok` appears to be unused"
        errorLine1="    &lt;string name=&quot;ok&quot;>Aceptar&lt;/string>"
        errorLine2="            ~~~~~~~~~">
        <location
            file="src/main/res/values/strings.xml"
            line="69"
            column="13"/>
    </issue>

    <issue
        id="UnusedResources"
        message="The resource `R.string.select_time` appears to be unused"
        errorLine1="    &lt;string name=&quot;select_time&quot;>Seleccionar hora&lt;/string>"
        errorLine2="            ~~~~~~~~~~~~~~~~~~">
        <location
            file="src/main/res/values/strings.xml"
            line="72"
            column="13"/>
    </issue>

    <issue
        id="UnusedResources"
        message="The resource `R.string.select_day` appears to be unused"
        errorLine1="    &lt;string name=&quot;select_day&quot;>Seleccionar día&lt;/string>"
        errorLine2="            ~~~~~~~~~~~~~~~~~">
        <location
            file="src/main/res/values/strings.xml"
            line="73"
            column="13"/>
    </issue>

    <issue
        id="UnusedResources"
        message="The resource `R.string.share` appears to be unused"
        errorLine1="    &lt;string name=&quot;share&quot;>Compartir&lt;/string>"
        errorLine2="            ~~~~~~~~~~~~">
        <location
            file="src/main/res/values/strings.xml"
            line="75"
            column="13"/>
    </issue>

    <issue
        id="UnusedResources"
        message="The resource `R.string.edit` appears to be unused"
        errorLine1="    &lt;string name=&quot;edit&quot;>Editar&lt;/string>"
        errorLine2="            ~~~~~~~~~~~">
        <location
            file="src/main/res/values/strings.xml"
            line="76"
            column="13"/>
    </issue>

    <issue
        id="UnusedResources"
        message="The resource `R.string.workout_type_format` appears to be unused"
        errorLine1="    &lt;string name=&quot;workout_type_format&quot;>Tipo: %s&lt;/string>"
        errorLine2="            ~~~~~~~~~~~~~~~~~~~~~~~~~~">
        <location
            file="src/main/res/values/strings.xml"
            line="80"
            column="13"/>
    </issue>

    <issue
        id="UnusedResources"
        message="The resource `R.string.workout_day_format` appears to be unused"
        errorLine1="    &lt;string name=&quot;workout_day_format&quot;>Día: %s&lt;/string>"
        errorLine2="            ~~~~~~~~~~~~~~~~~~~~~~~~~">
        <location
            file="src/main/res/values/strings.xml"
            line="81"
            column="13"/>
    </issue>

    <issue
        id="UnusedResources"
        message="The resource `R.string.workout_time_format` appears to be unused"
        errorLine1="    &lt;string name=&quot;workout_time_format&quot;>Hora: %1$02d:%2$02d (Toca para cambiar)&lt;/string>"
        errorLine2="            ~~~~~~~~~~~~~~~~~~~~~~~~~~">
        <location
            file="src/main/res/values/strings.xml"
            line="82"
            column="13"/>
    </issue>

    <issue
        id="UnusedResources"
        message="The resource `R.string.workout_duration_format` appears to be unused"
        errorLine1="    &lt;string name=&quot;workout_duration_format&quot;>Duración: %d minutos&lt;/string>"
        errorLine2="            ~~~~~~~~~~~~~~~~~~~~~~~~~~~~~~">
        <location
            file="src/main/res/values/strings.xml"
            line="83"
            column="13"/>
    </issue>

    <issue
        id="UnusedResources"
        message="The resource `R.string.error_select_time` appears to be unused"
        errorLine1="    &lt;string name=&quot;error_select_time&quot;>Por favor, selecciona una hora&lt;/string>"
        errorLine2="            ~~~~~~~~~~~~~~~~~~~~~~~~">
        <location
            file="src/main/res/values/strings.xml"
            line="94"
            column="13"/>
    </issue>

    <issue
        id="UnusedResources"
        message="The resource `R.string.error_select_day` appears to be unused"
        errorLine1="    &lt;string name=&quot;error_select_day&quot;>Por favor, selecciona un día&lt;/string>"
        errorLine2="            ~~~~~~~~~~~~~~~~~~~~~~~">
        <location
            file="src/main/res/values/strings.xml"
            line="95"
            column="13"/>
    </issue>

    <issue
        id="UnusedResources"
        message="The resource `R.string.confirm_delete` appears to be unused"
        errorLine1="    &lt;string name=&quot;confirm_delete&quot;>¿Estás seguro de que quieres eliminar este entrenamiento?&lt;/string>"
        errorLine2="            ~~~~~~~~~~~~~~~~~~~~~">
        <location
            file="src/main/res/values/strings.xml"
            line="96"
            column="13"/>
    </issue>

    <issue
        id="UnusedResources"
        message="The resource `R.string.error_time_conflict` appears to be unused"
        errorLine1="    &lt;string name=&quot;error_time_conflict&quot;>Ya existe un entrenamiento programado para esta hora&lt;/string>"
        errorLine2="            ~~~~~~~~~~~~~~~~~~~~~~~~~~">
        <location
            file="src/main/res/values/strings.xml"
            line="97"
            column="13"/>
    </issue>

    <issue
        id="UnusedResources"
        message="The resource `R.string.language_settings` appears to be unused"
        errorLine1="    &lt;string name=&quot;language_settings&quot;>Idioma&lt;/string>"
        errorLine2="            ~~~~~~~~~~~~~~~~~~~~~~~~">
        <location
            file="src/main/res/values/strings.xml"
            line="100"
            column="13"/>
    </issue>

    <issue
        id="UnusedResources"
        message="The resource `R.string.pref_appearance` appears to be unused"
        errorLine1="    &lt;string name=&quot;pref_appearance&quot;>Apariencia&lt;/string>"
        errorLine2="            ~~~~~~~~~~~~~~~~~~~~~~">
        <location
            file="src/main/res/values/strings.xml"
            line="102"
            column="13"/>
    </issue>

    <issue
        id="UnusedResources"
        message="The resource `R.string.pref_dark_theme_summary` appears to be unused"
        errorLine1="    &lt;string name=&quot;pref_dark_theme_summary&quot;>Activar tema oscuro&lt;/string>"
        errorLine2="            ~~~~~~~~~~~~~~~~~~~~~~~~~~~~~~">
        <location
            file="src/main/res/values/strings.xml"
            line="104"
            column="13"/>
    </issue>

    <issue
        id="UnusedResources"
        message="The resource `R.string.pref_24h_format` appears to be unused"
        errorLine1="    &lt;string name=&quot;pref_24h_format&quot;>Formato 24 horas&lt;/string>"
        errorLine2="            ~~~~~~~~~~~~~~~~~~~~~~">
        <location
            file="src/main/res/values/strings.xml"
            line="105"
            column="13"/>
    </issue>

    <issue
        id="UnusedResources"
        message="The resource `R.string.pref_24h_format_summary` appears to be unused"
        errorLine1="    &lt;string name=&quot;pref_24h_format_summary&quot;>Usar formato de 24 horas&lt;/string>"
        errorLine2="            ~~~~~~~~~~~~~~~~~~~~~~~~~~~~~~">
        <location
            file="src/main/res/values/strings.xml"
            line="106"
            column="13"/>
    </issue>

    <issue
        id="UnusedResources"
        message="The resource `R.string.notification_settings` appears to be unused"
        errorLine1="    &lt;string name=&quot;notification_settings&quot;>Notificaciones&lt;/string>"
        errorLine2="            ~~~~~~~~~~~~~~~~~~~~~~~~~~~~">
        <location
            file="src/main/res/values/strings.xml"
            line="107"
            column="13"/>
    </issue>

    <issue
        id="UnusedResources"
        message="The resource `R.string.enable_notifications` appears to be unused"
        errorLine1="    &lt;string name=&quot;enable_notifications&quot;>Activar notificaciones&lt;/string>"
        errorLine2="            ~~~~~~~~~~~~~~~~~~~~~~~~~~~">
        <location
            file="src/main/res/values/strings.xml"
            line="108"
            column="13"/>
    </issue>

    <issue
        id="UnusedResources"
        message="The resource `R.string.pref_notification_time` appears to be unused"
        errorLine1="    &lt;string name=&quot;pref_notification_time&quot;>Hora de notificación&lt;/string>"
        errorLine2="            ~~~~~~~~~~~~~~~~~~~~~~~~~~~~~">
        <location
            file="src/main/res/values/strings.xml"
            line="109"
            column="13"/>
    </issue>

    <issue
        id="UnusedResources"
        message="The resource `R.string.pref_workout_defaults` appears to be unused"
        errorLine1="    &lt;string name=&quot;pref_workout_defaults&quot;>Valores predeterminados&lt;/string>"
        errorLine2="            ~~~~~~~~~~~~~~~~~~~~~~~~~~~~">
        <location
            file="src/main/res/values/strings.xml"
            line="110"
            column="13"/>
    </issue>

    <issue
        id="UnusedResources"
        message="The resource `R.string.pref_default_duration` appears to be unused"
        errorLine1="    &lt;string name=&quot;pref_default_duration&quot;>Duración predeterminada&lt;/string>"
        errorLine2="            ~~~~~~~~~~~~~~~~~~~~~~~~~~~~">
        <location
            file="src/main/res/values/strings.xml"
            line="111"
            column="13"/>
    </issue>

    <issue
        id="UnusedResources"
        message="The resource `R.string.pref_default_duration_summary` appears to be unused"
        errorLine1="    &lt;string name=&quot;pref_default_duration_summary&quot;>Duración predeterminada en minutos&lt;/string>"
        errorLine2="            ~~~~~~~~~~~~~~~~~~~~~~~~~~~~~~~~~~~~">
        <location
            file="src/main/res/values/strings.xml"
            line="112"
            column="13"/>
    </issue>

    <issue
        id="UnusedResources"
        message="The resource `R.string.pref_notification_time_summary` appears to be unused"
        errorLine1="    &lt;string name=&quot;pref_notification_time_summary&quot;>Cuánto tiempo antes del entrenamiento enviar notificaciones&lt;/string>"
        errorLine2="            ~~~~~~~~~~~~~~~~~~~~~~~~~~~~~~~~~~~~~">
        <location
            file="src/main/res/values/strings.xml"
            line="113"
            column="13"/>
    </issue>

    <issue
        id="UnusedResources"
        message="The resource `R.string.select_language` appears to be unused"
        errorLine1="    &lt;string name=&quot;select_language&quot;>Seleccionar idioma&lt;/string>"
        errorLine2="            ~~~~~~~~~~~~~~~~~~~~~~">
        <location
            file="src/main/res/values/strings.xml"
            line="116"
            column="13"/>
    </issue>

    <issue
        id="UnusedResources"
        message="The resource `R.string.english` appears to be unused"
        errorLine1="    &lt;string name=&quot;english&quot;>Inglés&lt;/string>"
        errorLine2="            ~~~~~~~~~~~~~~">
        <location
            file="src/main/res/values/strings.xml"
            line="117"
            column="13"/>
    </issue>

    <issue
        id="UnusedResources"
        message="The resource `R.string.spanish` appears to be unused"
        errorLine1="    &lt;string name=&quot;spanish&quot;>Español&lt;/string>"
        errorLine2="            ~~~~~~~~~~~~~~">
        <location
            file="src/main/res/values/strings.xml"
            line="118"
            column="13"/>
    </issue>

    <issue
        id="UnusedResources"
        message="The resource `R.string.notes` appears to be unused"
        errorLine1="    &lt;string name=&quot;notes&quot;>Notas&lt;/string>"
        errorLine2="            ~~~~~~~~~~~~">
        <location
            file="src/main/res/values/strings.xml"
            line="134"
            column="13"/>
    </issue>

    <issue
        id="UnusedResources"
        message="The resource `R.string.no_notes` appears to be unused"
        errorLine1="    &lt;string name=&quot;no_notes&quot;>Sin notas&lt;/string>"
        errorLine2="            ~~~~~~~~~~~~~~~">
        <location
            file="src/main/res/values/strings.xml"
            line="135"
            column="13"/>
    </issue>

    <issue
        id="UnusedResources"
        message="The resource `R.string.notification_text` appears to be unused"
        errorLine1="    &lt;string name=&quot;notification_text&quot;>Hora de tu entrenamiento: %1$s&lt;/string>"
        errorLine2="            ~~~~~~~~~~~~~~~~~~~~~~~~">
        <location
            file="src/main/res/values/strings.xml"
            line="139"
            column="13"/>
    </issue>

    <issue
        id="UnusedResources"
        message="The resource `R.string.delete_workout_confirmation` appears to be unused"
        errorLine1="    &lt;string name=&quot;delete_workout_confirmation&quot;>¿Estás seguro de que quieres eliminar este entrenamiento?&lt;/string>"
        errorLine2="            ~~~~~~~~~~~~~~~~~~~~~~~~~~~~~~~~~~">
        <location
            file="src/main/res/values/strings.xml"
            line="162"
            column="13"/>
    </issue>

    <issue
        id="UnusedResources"
        message="The resource `R.string.daily_workouts_title` appears to be unused"
        errorLine1="    &lt;string name=&quot;daily_workouts_title&quot;>Entrenamientos para %s&lt;/string>"
        errorLine2="            ~~~~~~~~~~~~~~~~~~~~~~~~~~~">
        <location
            file="src/main/res/values/strings.xml"
            line="168"
            column="13"/>
    </issue>

    <issue
        id="UnusedResources"
        message="The resource `R.style.Base_Theme_DasProyectoNew` appears to be unused"
        errorLine1="    &lt;style name=&quot;Base.Theme.DasProyectoNew&quot; parent=&quot;Theme.Material3.DayNight.NoActionBar&quot;>"
        errorLine2="           ~~~~~~~~~~~~~~~~~~~~~~~~~~~~~~~~">
        <location
            file="src/main/res/values-night/themes.xml"
            line="4"
            column="12"/>
    </issue>

    <issue
        id="UnusedResources"
        message="The resource `R.style.Base_Theme_MIGYM` appears to be unused"
        errorLine1="    &lt;style name=&quot;Base.Theme.MIGYM&quot; parent=&quot;Theme.Material3.DayNight.NoActionBar&quot;>"
        errorLine2="           ~~~~~~~~~~~~~~~~~~~~~~~">
        <location
            file="src/main/res/values/themes.xml"
            line="4"
            column="12"/>
    </issue>

    <issue
        id="UnusedResources"
        message="The resource `R.style.Theme_MiGym` appears to be unused"
        errorLine1="    &lt;style name=&quot;Theme.MiGym&quot; parent=&quot;Theme.MaterialComponents.DayNight.DarkActionBar&quot;>"
        errorLine2="           ~~~~~~~~~~~~~~~~~~">
        <location
            file="src/main/res/values/themes.xml"
            line="20"
            column="12"/>
    </issue>

    <issue
        id="UnusedResources"
        message="The resource `R.style.PreferenceThemeOverlay` appears to be unused"
        errorLine1="    &lt;style name=&quot;PreferenceThemeOverlay&quot; parent=&quot;Theme.Material3.DayNight&quot;>"
        errorLine2="           ~~~~~~~~~~~~~~~~~~~~~~~~~~~~~">
        <location
            file="src/main/res/values/themes.xml"
            line="30"
            column="12"/>
    </issue>

    <issue
        id="UnusedResources"
        message="The resource `R.style.Theme_MIGYM_Dialog` appears to be unused"
        errorLine1="    &lt;style name=&quot;Theme.MIGYM.Dialog&quot; parent=&quot;Theme.MaterialComponents.DayNight.Dialog&quot;>"
        errorLine2="           ~~~~~~~~~~~~~~~~~~~~~~~~~">
        <location
            file="src/main/res/values/themes.xml"
            line="35"
            column="12"/>
    </issue>

    <issue
        id="UnusedResources"
        message="The resource `R.drawable.type_background` appears to be unused"
        errorLine1="&lt;shape xmlns:android=&quot;http://schemas.android.com/apk/res/android&quot;"
        errorLine2="^">
        <location
            file="src/main/res/drawable/type_background.xml"
            line="2"
            column="1"/>
    </issue>

    <issue
        id="UnusedResources"
        message="The resource `R.menu.workout_detail_menu` appears to be unused"
        errorLine1="&lt;menu xmlns:android=&quot;http://schemas.android.com/apk/res/android&quot;"
        errorLine2="^">
        <location
            file="src/main/res/menu/workout_detail_menu.xml"
            line="2"
            column="1"/>
    </issue>

    <issue
        id="ButtonStyle"
        message="Buttons in button bars should be borderless; use `style=&quot;?android:attr/buttonBarButtonStyle&quot;` (and `?android:attr/buttonBarStyle` on the parent)"
        errorLine1="            &lt;Button"
        errorLine2="             ~~~~~~">
        <location
            file="src/main/res/layout/dialog_add_workout.xml"
            line="128"
            column="14"/>
    </issue>

    <issue
        id="UseTomlInstead"
        message="Use version catalog instead"
        errorLine1="    implementation &quot;androidx.room:room-runtime:$room_version&quot;"
        errorLine2="                   ~~~~~~~~~~~~~~~~~~~~~~~~~~~~~~~~~~~~~~~~~~">
        <location
            file="build.gradle"
            line="43"
            column="20"/>
    </issue>

    <issue
        id="UseTomlInstead"
        message="Use version catalog instead (androidx.appcompat:appcompat is already available as `androidx-appcompat`, but using version 1.7.0 instead)"
        errorLine1="    implementation &apos;androidx.appcompat:appcompat:1.6.1&apos;"
        errorLine2="                   ~~~~~~~~~~~~~~~~~~~~~~~~~~~~~~~~~~~~">
        <location
            file="build.gradle"
            line="46"
            column="20"/>
    </issue>

    <issue
        id="UseTomlInstead"
        message="Use version catalog instead (com.google.android.material:material is already available as `material`, but using version 1.12.0 instead)"
        errorLine1="    implementation &apos;com.google.android.material:material:1.11.0&apos;"
        errorLine2="                   ~~~~~~~~~~~~~~~~~~~~~~~~~~~~~~~~~~~~~~~~~~~~~">
        <location
            file="build.gradle"
            line="47"
            column="20"/>
    </issue>

    <issue
        id="UseTomlInstead"
        message="Use version catalog instead (androidx.constraintlayout:constraintlayout is already available as `androidx-constraintlayout`, but using version 2.2.1 instead)"
        errorLine1="    implementation &apos;androidx.constraintlayout:constraintlayout:2.1.4&apos;"
        errorLine2="                   ~~~~~~~~~~~~~~~~~~~~~~~~~~~~~~~~~~~~~~~~~~~~~~~~~~">
        <location
            file="build.gradle"
            line="48"
            column="20"/>
    </issue>

    <issue
        id="UseTomlInstead"
        message="Use version catalog instead"
        errorLine1="    implementation &apos;androidx.core:core:1.12.0&apos;"
        errorLine2="                   ~~~~~~~~~~~~~~~~~~~~~~~~~~~">
        <location
            file="build.gradle"
            line="49"
            column="20"/>
    </issue>

    <issue
        id="UseTomlInstead"
        message="Use version catalog instead"
        errorLine1="    implementation &quot;androidx.navigation:navigation-fragment:$nav_version&quot;"
        errorLine2="                   ~~~~~~~~~~~~~~~~~~~~~~~~~~~~~~~~~~~~~~~~~~~~~~~~~~~~~~">
        <location
            file="build.gradle"
            line="53"
            column="20"/>
    </issue>

    <issue
        id="UseTomlInstead"
        message="Use version catalog instead"
        errorLine1="    implementation &quot;androidx.navigation:navigation-ui:$nav_version&quot;"
        errorLine2="                   ~~~~~~~~~~~~~~~~~~~~~~~~~~~~~~~~~~~~~~~~~~~~~~~~">
        <location
            file="build.gradle"
            line="54"
            column="20"/>
    </issue>

    <issue
        id="UseTomlInstead"
        message="Use version catalog instead"
        errorLine1="    implementation &quot;androidx.lifecycle:lifecycle-viewmodel:$lifecycle_version&quot;"
        errorLine2="                   ~~~~~~~~~~~~~~~~~~~~~~~~~~~~~~~~~~~~~~~~~~~~~~~~~~~~~~~~~~~">
        <location
            file="build.gradle"
            line="58"
            column="20"/>
    </issue>

    <issue
        id="UseTomlInstead"
        message="Use version catalog instead"
        errorLine1="    implementation &quot;androidx.lifecycle:lifecycle-livedata:$lifecycle_version&quot;"
        errorLine2="                   ~~~~~~~~~~~~~~~~~~~~~~~~~~~~~~~~~~~~~~~~~~~~~~~~~~~~~~~~~~">
        <location
            file="build.gradle"
            line="59"
            column="20"/>
    </issue>

    <issue
        id="UseTomlInstead"
        message="Use version catalog instead"
        errorLine1="    implementation &quot;androidx.lifecycle:lifecycle-common-java8:$lifecycle_version&quot;"
        errorLine2="                   ~~~~~~~~~~~~~~~~~~~~~~~~~~~~~~~~~~~~~~~~~~~~~~~~~~~~~~~~~~~~~~">
        <location
            file="build.gradle"
            line="60"
            column="20"/>
    </issue>

    <issue
        id="UseTomlInstead"
        message="Use version catalog instead"
        errorLine1="    implementation &apos;androidx.work:work-runtime:2.9.0&apos;"
        errorLine2="                   ~~~~~~~~~~~~~~~~~~~~~~~~~~~~~~~~~~">
        <location
            file="build.gradle"
            line="63"
            column="20"/>
    </issue>

    <issue
        id="UseTomlInstead"
        message="Use version catalog instead"
        errorLine1="    implementation &apos;androidx.preference:preference:1.2.1&apos;"
        errorLine2="                   ~~~~~~~~~~~~~~~~~~~~~~~~~~~~~~~~~~~~~~">
        <location
            file="build.gradle"
            line="66"
            column="20"/>
    </issue>

    <issue
        id="UseTomlInstead"
        message="Use the existing version catalog reference (`libs.junit`) instead"
        errorLine1="    testImplementation &apos;junit:junit:4.13.2&apos;"
        errorLine2="                       ~~~~~~~~~~~~~~~~~~~~">
        <location
            file="build.gradle"
            line="69"
            column="24"/>
    </issue>

    <issue
        id="UseTomlInstead"
        message="Use version catalog instead (androidx.test.ext:junit is already available as `androidx-junit`, but using version 1.2.1 instead)"
        errorLine1="    androidTestImplementation &apos;androidx.test.ext:junit:1.1.5&apos;"
        errorLine2="                              ~~~~~~~~~~~~~~~~~~~~~~~~~~~~~~~">
        <location
            file="build.gradle"
            line="70"
            column="31"/>
    </issue>

    <issue
        id="UseTomlInstead"
        message="Use version catalog instead (androidx.test.espresso:espresso-core is already available as `androidx-espresso-core`, but using version 3.6.1 instead)"
        errorLine1="    androidTestImplementation &apos;androidx.test.espresso:espresso-core:3.5.1&apos;"
        errorLine2="                              ~~~~~~~~~~~~~~~~~~~~~~~~~~~~~~~~~~~~~~~~~~~~">
        <location
            file="build.gradle"
            line="71"
            column="31"/>
    </issue>

    <issue
        id="UseTomlInstead"
        message="Use version catalog instead (androidx.appcompat:appcompat is already available as `androidx-appcompat`, but using version 1.7.0 instead)"
        errorLine1="    implementation(&quot;androidx.appcompat:appcompat:1.6.1&quot;)"
        errorLine2="                    ~~~~~~~~~~~~~~~~~~~~~~~~~~~~~~~~~~">
        <location
            file="build.gradle.kts"
            line="42"
            column="21"/>
    </issue>

    <issue
        id="UseTomlInstead"
        message="Use version catalog instead (com.google.android.material:material is already available as `material`, but using version 1.12.0 instead)"
        errorLine1="    implementation(&quot;com.google.android.material:material:1.11.0&quot;)"
        errorLine2="                    ~~~~~~~~~~~~~~~~~~~~~~~~~~~~~~~~~~~~~~~~~~~">
        <location
            file="build.gradle.kts"
            line="43"
            column="21"/>
    </issue>

    <issue
        id="UseTomlInstead"
        message="Use version catalog instead (androidx.constraintlayout:constraintlayout is already available as `androidx-constraintlayout`, but using version 2.2.1 instead)"
        errorLine1="    implementation(&quot;androidx.constraintlayout:constraintlayout:2.1.4&quot;)"
        errorLine2="                    ~~~~~~~~~~~~~~~~~~~~~~~~~~~~~~~~~~~~~~~~~~~~~~~~">
        <location
            file="build.gradle.kts"
            line="44"
            column="21"/>
    </issue>

    <issue
        id="UseTomlInstead"
        message="Use version catalog instead"
        errorLine1="    implementation(&quot;androidx.lifecycle:lifecycle-livedata-ktx:2.7.0&quot;)"
        errorLine2="                    ~~~~~~~~~~~~~~~~~~~~~~~~~~~~~~~~~~~~~~~~~~~~~~~">
        <location
            file="build.gradle.kts"
            line="45"
            column="21"/>
    </issue>

    <issue
        id="UseTomlInstead"
        message="Use version catalog instead"
        errorLine1="    implementation(&quot;androidx.lifecycle:lifecycle-viewmodel-ktx:2.7.0&quot;)"
        errorLine2="                    ~~~~~~~~~~~~~~~~~~~~~~~~~~~~~~~~~~~~~~~~~~~~~~~~">
        <location
            file="build.gradle.kts"
            line="46"
            column="21"/>
    </issue>

    <issue
        id="UseTomlInstead"
        message="Use version catalog instead"
        errorLine1="    implementation(&quot;androidx.navigation:navigation-fragment:2.7.7&quot;)"
        errorLine2="                    ~~~~~~~~~~~~~~~~~~~~~~~~~~~~~~~~~~~~~~~~~~~~~">
        <location
            file="build.gradle.kts"
            line="47"
            column="21"/>
    </issue>

    <issue
        id="UseTomlInstead"
        message="Use version catalog instead"
        errorLine1="    implementation(&quot;androidx.navigation:navigation-ui:2.7.7&quot;)"
        errorLine2="                    ~~~~~~~~~~~~~~~~~~~~~~~~~~~~~~~~~~~~~~~">
        <location
            file="build.gradle.kts"
            line="48"
            column="21"/>
    </issue>

    <issue
        id="UseTomlInstead"
        message="Use version catalog instead"
        errorLine1="    implementation(&quot;androidx.room:room-runtime:2.6.1&quot;)"
        errorLine2="                    ~~~~~~~~~~~~~~~~~~~~~~~~~~~~~~~~">
        <location
            file="build.gradle.kts"
            line="49"
            column="21"/>
    </issue>

    <issue
        id="UseTomlInstead"
        message="Use version catalog instead"
        errorLine1="    implementation(&quot;androidx.work:work-runtime:2.9.0&quot;)"
        errorLine2="                    ~~~~~~~~~~~~~~~~~~~~~~~~~~~~~~~~">
        <location
            file="build.gradle.kts"
            line="50"
            column="21"/>
    </issue>

    <issue
        id="UseTomlInstead"
        message="Use version catalog instead"
        errorLine1="    implementation(&quot;androidx.preference:preference:1.2.1&quot;)"
        errorLine2="                    ~~~~~~~~~~~~~~~~~~~~~~~~~~~~~~~~~~~~">
        <location
            file="build.gradle.kts"
            line="51"
            column="21"/>
    </issue>

    <issue
        id="UseTomlInstead"
        message="Use version catalog instead"
        errorLine1="    annotationProcessor(&quot;androidx.room:room-compiler:2.6.1&quot;)"
        errorLine2="                         ~~~~~~~~~~~~~~~~~~~~~~~~~~~~~~~~~">
        <location
            file="build.gradle.kts"
            line="52"
            column="26"/>
    </issue>

    <issue
        id="UseTomlInstead"
        message="Use the existing version catalog reference (`libs.junit`) instead"
        errorLine1="    testImplementation(&quot;junit:junit:4.13.2&quot;)"
        errorLine2="                        ~~~~~~~~~~~~~~~~~~">
        <location
            file="build.gradle.kts"
            line="53"
            column="25"/>
    </issue>

    <issue
        id="UseTomlInstead"
        message="Use version catalog instead (androidx.test.ext:junit is already available as `androidx-junit`, but using version 1.2.1 instead)"
        errorLine1="    androidTestImplementation(&quot;androidx.test.ext:junit:1.1.5&quot;)"
        errorLine2="                               ~~~~~~~~~~~~~~~~~~~~~~~~~~~~~">
        <location
            file="build.gradle.kts"
            line="54"
            column="32"/>
    </issue>

    <issue
        id="UseTomlInstead"
        message="Use version catalog instead (androidx.test.espresso:espresso-core is already available as `androidx-espresso-core`, but using version 3.6.1 instead)"
        errorLine1="    androidTestImplementation(&quot;androidx.test.espresso:espresso-core:3.5.1&quot;)"
        errorLine2="                               ~~~~~~~~~~~~~~~~~~~~~~~~~~~~~~~~~~~~~~~~~~">
        <location
            file="build.gradle.kts"
            line="55"
            column="32"/>
    </issue>

    <issue
        id="LabelFor"
        message="Missing accessibility label: provide either a view with an `android:labelFor` that references this view or provide an `android:hint`"
        errorLine1="            &lt;AutoCompleteTextView"
        errorLine2="             ~~~~~~~~~~~~~~~~~~~~">
        <location
            file="src/main/res/layout/dialog_add_workout.xml"
            line="54"
            column="14"/>
    </issue>

    <issue
        id="LabelFor"
        message="Missing accessibility label: provide either a view with an `android:labelFor` that references this view or provide an `android:hint`"
        errorLine1="            &lt;AutoCompleteTextView"
        errorLine2="             ~~~~~~~~~~~~~~~~~~~~">
        <location
            file="src/main/res/layout/dialog_add_workout.xml"
            line="67"
            column="14"/>
    </issue>

    <issue
        id="HardcodedText"
        message="Hardcoded string &quot;Título&quot;, should use `@string` resource"
        errorLine1="            android:hint=&quot;Título&quot;>"
        errorLine2="            ~~~~~~~~~~~~~~~~~~~~~">
        <location
            file="src/main/res/layout/fragment_workout_detail.xml"
            line="17"
            column="13"/>
    </issue>

    <issue
        id="HardcodedText"
        message="Hardcoded string &quot;Descripción&quot;, should use `@string` resource"
        errorLine1="            android:hint=&quot;Descripción&quot;>"
        errorLine2="            ~~~~~~~~~~~~~~~~~~~~~~~~~~">
        <location
            file="src/main/res/layout/fragment_workout_detail.xml"
            line="30"
            column="13"/>
    </issue>

    <issue
        id="HardcodedText"
        message="Hardcoded string &quot;Día de la semana&quot;, should use `@string` resource"
        errorLine1="            android:text=&quot;Día de la semana&quot; />"
        errorLine2="            ~~~~~~~~~~~~~~~~~~~~~~~~~~~~~~~">
        <location
            file="src/main/res/layout/fragment_workout_detail.xml"
            line="70"
            column="13"/>
    </issue>

    <issue
        id="HardcodedText"
        message="Hardcoded string &quot;Hora (HH:mm)&quot;, should use `@string` resource"
        errorLine1="            android:hint=&quot;Hora (HH:mm)&quot;>"
        errorLine2="            ~~~~~~~~~~~~~~~~~~~~~~~~~~~">
        <location
            file="src/main/res/layout/fragment_workout_detail.xml"
            line="83"
            column="13"/>
    </issue>

    <issue
        id="HardcodedText"
        message="Hardcoded string &quot;Duración (minutos)&quot;, should use `@string` resource"
        errorLine1="            android:hint=&quot;Duración (minutos)&quot;>"
        errorLine2="            ~~~~~~~~~~~~~~~~~~~~~~~~~~~~~~~~~">
        <location
            file="src/main/res/layout/fragment_workout_detail.xml"
            line="96"
            column="13"/>
    </issue>

    <issue
        id="HardcodedText"
        message="Hardcoded string &quot;Guardar&quot;, should use `@string` resource"
        errorLine1="            android:text=&quot;Guardar&quot; />"
        errorLine2="            ~~~~~~~~~~~~~~~~~~~~~~">
        <location
            file="src/main/res/layout/fragment_workout_detail.xml"
            line="109"
            column="13"/>
    </issue>

    <issue
        id="HardcodedText"
        message="Hardcoded string &quot; • &quot;, should use `@string` resource"
        errorLine1="                    android:text=&quot; • &quot;"
        errorLine2="                    ~~~~~~~~~~~~~~~~~~">
        <location
            file="src/main/res/layout/item_workout.xml"
            line="45"
            column="21"/>
    </issue>

    <issue
        id="HardcodedText"
        message="Hardcoded string &quot; • &quot;, should use `@string` resource"
        errorLine1="                    android:text=&quot; • &quot;"
        errorLine2="                    ~~~~~~~~~~~~~~~~~~">
        <location
            file="src/main/res/layout/item_workout.xml"
            line="59"
            column="21"/>
    </issue>

    <issue
        id="HardcodedText"
        message="Hardcoded string &quot; • &quot;, should use `@string` resource"
        errorLine1="                    android:text=&quot; • &quot;"
        errorLine2="                    ~~~~~~~~~~~~~~~~~~">
        <location
            file="src/main/res/layout/item_workout.xml"
            line="73"
            column="21"/>
    </issue>

</issues>
